page,section,title,url,filename,type
book_lib,,سيرة الإمام المبجل أحمد بن محمد بن حنبل,https://alnajmi.net/portal/wp-content/uploads/2019/01/الإمام-أحمد-بن-حنبل.pdf,الإمام-أحمد-بن-حنبل.pdf,pdf
book_lib,,تنزيه الشريعة,https://alnajmi.net/portal/wp-content/uploads/2019/01/تنزية-الشريعة.pdf,تنزية-الشريعة.pdf,pdf
book_lib,,دور المساجد في الإسلام,https://alnajmi.net/portal/wp-content/uploads/2019/01/دور-المساجد-في-الإسلام.pdf,دور-المساجد-في-الإسلام.pdf,pdf
book_lib,,تفسير آيات الصيام,https://alnajmi.net/portal/wp-content/uploads/2019/01/تفسير-آيات-الصيام.pdf,تفسير-آيات-الصيام.pdf,pdf
book_lib,,وأن هذا صراطي مستقيماً فاتبعوه,https://alnajmi.net/portal/wp-content/uploads/2019/01/وأن-هذا-صراطي-مستقيماً-فاتبعوه.pdf,وأن-هذا-صراطي-مستقيماً-فاتبعوه.pdf,pdf
book_lib,,واعبدوا اللـه ولا تشركوا بـه شيئًا ( طبعة جديدة ),https://alnajmi.net/portal/wp-content/uploads/2019/01/واعــبدوا-اللـــه-ولا-تشــركــوا-بـه-شــيئًا-طبعة-جديدة-.pdf,واعــبدوا-اللـــه-ولا-تشــركــوا-بـه-شــيئًا-طبعة-جديدة-.pdf,pdf
book_lib,,استقبال شهر رمضان,https://alnajmi.net/portal/wp-content/uploads/2019/01/استقبال-شهر-رمضان.pdf,استقبال-شهر-رمضان.pdf,pdf
book_lib,,صفة الحج,https://alnajmi.net/portal/wp-content/uploads/2019/01/صفة-الحج.pdf,صفة-الحج.pdf,pdf
book_lib,,فتح الرب الرحيم في حكم الجهر والإسرار ببسم الله الرحمن الرحيم,https://alnajmi.net/portal/wp-content/uploads/2019/01/فتح-الرب-الرحيم-في-حكم-الجهر-والإسرار-ببسم-الله-الرحمن-الرحيم.pdf,فتح-الرب-الرحيم-في-حكم-الجهر-والإسرار-ببسم-الله-الرحمن-الرحيم.pdf,pdf
book_lib,,فضل الصيام,https://alnajmi.net/portal/wp-content/uploads/2019/01/فضل-الصيام.pdf,فضل-الصيام.pdf,pdf
book_lib,,من أحكام الصيام,https://alnajmi.net/portal/wp-content/uploads/2019/01/واعــبدوا-اللـــه-ولا-تشــركــوا-بـه-شــيئًا-طبعة-جديدة-.pdf,واعــبدوا-اللـــه-ولا-تشــركــوا-بـه-شــيئًا-طبعة-جديدة-.pdf,pdf
book_lib,,إحياء الأموات,https://alnajmi.net/portal/wp-content/uploads/2019/01/إحياء-الأموات.pdf,إحياء-الأموات.pdf,pdf
book_lib,,تأسيس الأحكام الأول,https://alnajmi.net/portal/wp-content/uploads/2019/01/تأسيس-1.pdf,تأسيس-1.pdf,pdf
book_lib,,تأسيس الأحكام الثاني,https://alnajmi.net/portal/wp-content/uploads/2019/01/تأسيس-2.pdf,تأسيس-2.pdf,pdf
book_lib,,تأسيس الأحكام الثالث,https://alnajmi.net/portal/wp-content/uploads/2019/01/تأسيس-3.pdf,تأسيس-3.pdf,pdf
book_lib,,تأسيس الأحكام الرابع,https://alnajmi.net/portal/wp-content/uploads/2019/01/تأسيس-4.pdf,تأسيس-4.pdf,pdf
book_lib,,تأسيس الأحكام الخامس,https://alnajmi.net/portal/wp-content/uploads/2019/01/تأسيس-5.pdf,تأسيس-5.pdf,pdf
book_lib,,تنبيه الأنام على ما في كتاب سبل السلام من الفوائد والأحكام – المجلد الأول,https://alnajmi.net/portal/wp-content/uploads/2023/03/talanam1.pdf,talanam1.pdf,pdf
book_lib,,تنبيه الأنام على ما في كتاب سبل السلام من الفوائد والأحكام – المجلد الثاني,https://alnajmi.net/portal/wp-content/uploads/2023/03/talanam2.pdf,talanam2.pdf,pdf
book_lib,,تنبيه الأنام على ما في كتاب سبل السلام من الفوائد والأحكام – المجلد الثالث,https://alnajmi.net/portal/wp-content/uploads/2023/03/talanam3.pdf,talanam3.pdf,pdf
book_lib,,تنبيه الأنام على ما في كتاب سبل السلام من الفوائد والأحكام – المجلد الرابع,https://alnajmi.net/portal/wp-content/uploads/2023/06/talanam4-2.pdf,talanam4-2.pdf,pdf
book_lib,,تنبيه الأنام على ما في كتاب سبل السلام من الفوائد والأحكام – المجلد الخامس,https://alnajmi.net/portal/wp-content/uploads/2023/03/talanam5.pdf,talanam5.pdf,pdf
book_lib,,تنبيه الأنام على ما في كتاب سبل السلام من الفوائد والأحكام – المجلد السادس,https://alnajmi.net/portal/wp-content/uploads/2023/03/talanam6.pdf,talanam6.pdf,pdf
book_lib,,تنبيه الأنام على ما في كتاب سبل السلام من الفوائد والأحكام – المجلد السابع,https://alnajmi.net/portal/wp-content/uploads/2023/03/talanam7.pdf,talanam7.pdf,pdf
book_lib,,تنبيه الأنام على ما في كتاب سبل السلام من الفوائد والأحكام – المجلد الثامن,https://alnajmi.net/portal/wp-content/uploads/2023/03/talanam8.pdf,talanam8.pdf,pdf
book_lib,,فتح الرحيم الودود في التعليق على كتاب السنة من سنن الإمام أبي داود,https://alnajmi.net/portal/wp-content/uploads/2019/01/فتح-الرحيم-الودود-في-التعليق-على-كتاب-السنة-من-سنن-الإمام-أبي-داود.pdf,فتح-الرحيم-الودود-في-التعليق-على-كتاب-السنة-من-سنن-الإمام-أبي-داود.pdf,pdf
book_lib,,أسئلة الشيخ طارق الهاشمي من قطر,https://alnajmi.net/portal/wp-content/uploads/2019/01/أسئلة-الشيخ-طارق-الهاشمي-من-قطر.pdf,أسئلة-الشيخ-طارق-الهاشمي-من-قطر.pdf,pdf
book_lib,,أسئلة الشيخ عبد الله الظفيري,https://alnajmi.net/portal/wp-content/uploads/2019/01/أسئلة-الشيخ-عبد-الله-الظفيري.pdf,أسئلة-الشيخ-عبد-الله-الظفيري.pdf,pdf
book_lib,,أسئلة أهل فرنسا,https://alnajmi.net/portal/wp-content/uploads/2019/01/أسئلة-أهل-فرنسا.pdf,أسئلة-أهل-فرنسا.pdf,pdf
book_lib,,أسئلة ذي القرنين الأندونيسي,https://alnajmi.net/portal/wp-content/uploads/2019/01/أسئلة-ذي-القرنين-الأندونيسي.pdf,أسئلة-ذي-القرنين-الأندونيسي.pdf,pdf
book_lib,,الفتاوى الجلية عن المناهج الدعوية ( الجزء الأول ),https://alnajmi.net/portal/wp-content/uploads/2019/01/mkl1.pdf,mkl1.pdf,pdf
book_lib,,الفتاوى الجلية عن المناهج الدعوية ( الجزء الثاني ),https://alnajmi.net/portal/wp-content/uploads/2019/01/mkl2.pdf,mkl2.pdf,pdf
book_lib,,فتاوى الصيام,https://alnajmi.net/portal/wp-content/uploads/2019/01/فتاوى-الصيام.pdf,فتاوى-الصيام.pdf,pdf
book_lib,,فتح الرب الودود في الفتاوى و الرسائل و الردود – الجزء الأول,https://alnajmi.net/portal/wp-content/uploads/2019/01/فتح-الرب-الودود-في-الفتاوى-و-الرسائل-و-الردود-الجزء-الأول.pdf,فتح-الرب-الودود-في-الفتاوى-و-الرسائل-و-الردود-الجزء-الأول.pdf,pdf
book_lib,,فتح الرب الودود في الفتاوى و الرسائل و الردود – الجزء الثاني,https://alnajmi.net/portal/wp-content/uploads/2019/01/فتح-الرب-الودود-في-الفتاوى-و-الرسائل-و-الردود-الجزء-الثاني.pdf,فتح-الرب-الودود-في-الفتاوى-و-الرسائل-و-الردود-الجزء-الثاني.pdf,pdf
book_lib,,إرشاد الساري,https://alnajmi.net/portal/wp-content/uploads/2019/01/إرشاد-الساري.pdf,إرشاد-الساري.pdf,pdf
book_lib,,الإبانة عن أصول الديانة,https://alnajmi.net/portal/wp-content/uploads/2019/01/الإبانة-عن-أصول-الديانة.pdf,الإبانة-عن-أصول-الديانة.pdf,pdf
book_lib,,التعليقات البهية على الرسائل الأربع العقدية ( طبعة جديدة ),https://alnajmi.net/portal/wp-content/uploads/2019/01/التعليقات-البهية-على-الرسائل-الأربع-العقدية-طبعة-جديدة-.pdf,التعليقات-البهية-على-الرسائل-الأربع-العقدية-طبعة-جديدة-.pdf,pdf
book_lib,,الدرر النجمية في رد بعض الشبهات العقدية والمنهجية,https://alnajmi.net/portal/wp-content/uploads/2019/01/الدرر-النجمية-في-رد-بعض-الشبهات-العقدية-والمنهجية.pdf,الدرر-النجمية-في-رد-بعض-الشبهات-العقدية-والمنهجية.pdf,pdf
book_lib,,الشرح الموجز الممهد,https://alnajmi.net/portal/wp-content/uploads/2019/01/الشرح-الموجز-الممهد.pdf,الشرح-الموجز-الممهد.pdf,pdf
book_lib,,الطائفة الناجية المنصورة,https://alnajmi.net/portal/wp-content/uploads/2019/01/الطائفة-الناجية-المنصورة.pdf,الطائفة-الناجية-المنصورة.pdf,pdf
book_lib,,الفتح الرباني في الدفاع عن الشيخ محمد ناصر الدين الألباني,https://alnajmi.net/portal/wp-content/uploads/2019/01/الفتح-الرباني-في-الدفاع-عن-الشيخ-محمد-ناصر-الدين-الألباني.pdf,الفتح-الرباني-في-الدفاع-عن-الشيخ-محمد-ناصر-الدين-الألباني.pdf,pdf
book_lib,,القيروانية,https://alnajmi.net/portal/wp-content/uploads/2019/01/القيروانية.pdf,القيروانية.pdf,pdf
book_lib,,المورد العذب الزلال فيما انتقد على بعض المناهج الدعوية من العقائد والأعمال,https://alnajmi.net/portal/wp-content/uploads/2019/01/المورد-العذب-الزلال-فيما-انتقد-على-بعض-المناهج-الدعوية-من-العقائد-والأعمال.pdf,المورد-العذب-الزلال-فيما-انتقد-على-بعض-المناهج-الدعوية-من-العقائد-والأعمال.pdf,pdf
book_lib,,أوضح الإشارة,https://alnajmi.net/portal/wp-content/uploads/2019/01/أوضح-الإشارة.pdf,أوضح-الإشارة.pdf,pdf
book_lib,,رد الجواب على من طلب مني عدم طبع الكتاب ويليه الرد الشرعي المعقول على المتصل المجهول,https://alnajmi.net/portal/wp-content/uploads/2019/01/رد-الجواب-على-من-طلب-مني-عدم-طبع-الكتاب-ويليه-الرد-الشرعي-المعقول-على-المتصل-المجهول.pdf,رد-الجواب-على-من-طلب-مني-عدم-طبع-الكتاب-ويليه-الرد-الشرعي-المعقول-على-المتصل-المجهول.pdf,pdf
book_lib,,رسالة الإرشاد إلى بيان الحق في حكم الجهاد,https://alnajmi.net/portal/wp-content/uploads/2019/01/رسالة-الإرشاد-إلى-بيان-الحق-في-حكم-الجهاد.pdf,رسالة-الإرشاد-إلى-بيان-الحق-في-حكم-الجهاد.pdf,pdf
book_lib,,شرح أصول السنة,https://alnajmi.net/portal/wp-content/uploads/2019/01/شرح-أصول-السنة.pdf,شرح-أصول-السنة.pdf,pdf
book_lib,,فتح الرب الغني بتوضيح شرح السنة للمزني ( طبعة جديدة ),https://alnajmi.net/portal/wp-content/uploads/2019/01/فتح-الرب-الغني-بتوضيح-شرح-السنة-للمزني-طبعة-جديدة-.pdf,فتح-الرب-الغني-بتوضيح-شرح-السنة-للمزني-طبعة-جديدة-.pdf,pdf
book_lib,,منهج أئمة الدعوة في مسائل التوسل والاستغاثة,https://alnajmi.net/portal/wp-content/uploads/2019/01/منهج-أئمة-الدعوة-في-مسائل-التوسل-والاستغاثة.pdf,منهج-أئمة-الدعوة-في-مسائل-التوسل-والاستغاثة.pdf,pdf
book_lib,,فتح الرب الغفور ذي الرحمة في شرح الواجبات المحتمات المعرفة على كل مسلم ومسلمة,https://alnajmi.net/portal/wp-content/uploads/2019/01/فتح-الرب-الغفور-ذي-الرحمة-في-شرح-الواجبات-المحتمات-المعرفة-على-كل-مسلم-ومسلمة.pdf,فتح-الرب-الغفور-ذي-الرحمة-في-شرح-الواجبات-المحتمات-المعرفة-على-كل-مسلم-ومسلمة.pdf,pdf
book_lib,,وصيته قبل وفاته رحمه الله,https://alnajmi.net/portal/wp-content/uploads/2019/01/وصيته-قبل-وفاته-رحمه-الله.pdf,وصيته-قبل-وفاته-رحمه-الله.pdf,pdf
book_lib,,الفضل المبين من رب العالمين بالتعليق على أصل السنة واعتقاد الدين للإمامين أبي زرعة وأبي حاتم الرازي,https://alnajmi.net/portal/wp-content/uploads/2023/02/k.pdf,k.pdf,pdf
book_lib,,السلفيون بريئون من الأعمال الإرهابية [ مترجم للغة الروسية ],https://alnajmi.net/portal/wp-content/uploads/2019/01/السلفيون-بريئون-من-الأعمال-الإرهابية-مترجم-للغة-الروسية-.pdf,السلفيون-بريئون-من-الأعمال-الإرهابية-مترجم-للغة-الروسية-.pdf,pdf
book_lib,,بابُ الإِسْتِطَابَةِ وباب السواك من تأسيس الأحكام – بالإندونيسية,https://alnajmi.net/portal/wp-content/uploads/2019/01/بابُ-الإِسْتِطَابَةِ-وباب-السواك-من-تأسيس-الأحكام-بالإندونيسية.pdf,بابُ-الإِسْتِطَابَةِ-وباب-السواك-من-تأسيس-الأحكام-بالإندونيسية.pdf,pdf
book_lib,,بَابُ التَّيَمُّم من تأسيس الأحكام – بالإندونيسية,https://alnajmi.net/portal/wp-content/uploads/2019/01/بَابُ-التَّيَمُّم-من-تأسيس-الأحكام-بالإندونيسية.pdf,بَابُ-التَّيَمُّم-من-تأسيس-الأحكام-بالإندونيسية.pdf,pdf
book_lib,,بابُ المَسْحِ عَلَى الخُفَّيْن من تأسيس الأحكام-بالإندونيسية,https://alnajmi.net/portal/wp-content/uploads/2019/01/بابُ-المَسْحِ-عَلَى-الخُفَّيْن-من-تأسيس-الأحكام-بالإندونيسية.pdf,بابُ-المَسْحِ-عَلَى-الخُفَّيْن-من-تأسيس-الأحكام-بالإندونيسية.pdf,pdf
book_lib,,بَابُ غُسْلِ الجَنَابَة من تأسيس الأحكام – بالإندونيسية,https://alnajmi.net/portal/wp-content/uploads/2019/01/بَابُ-غُسْلِ-الجَنَابَة-من-تأسيس-الأحكام-بالإندونيسية.pdf,بَابُ-غُسْلِ-الجَنَابَة-من-تأسيس-الأحكام-بالإندونيسية.pdf,pdf
book_lib,,بَابٌ فِي المَذْيِ وَغَيْرِهِ من تأسيس الأحكام – بالإندونيسية,https://alnajmi.net/portal/wp-content/uploads/2019/01/بَابٌ-فِي-المَذْيِ-وَغَيْرِهِ-من-تأسيس-الأحكام-بالإندونيسية.pdf,بَابٌ-فِي-المَذْيِ-وَغَيْرِهِ-من-تأسيس-الأحكام-بالإندونيسية.pdf,pdf
book_lib,,ترجمة كتاب السلفيون بريئون من الأعمال الإرهابية ( الالمانية ),https://alnajmi.net/portal/wp-content/uploads/2019/01/ترجمة-كتاب-السلفيون-بريئون-من-الأعمال-الإرهابية-الالمانية-.pdf,ترجمة-كتاب-السلفيون-بريئون-من-الأعمال-الإرهابية-الالمانية-.pdf,pdf
book_lib,,ترجمة كتاب بعض فتاوى الصيام من فتح الرب الودود ( الالمانية ),https://alnajmi.net/portal/wp-content/uploads/2019/01/ترجمة-كتاب-بعض-فتاوى-الصيام-من-فتح-الرب-الودود-الالمانية-.pdf,ترجمة-كتاب-بعض-فتاوى-الصيام-من-فتح-الرب-الودود-الالمانية-.pdf,pdf
book_lib,,ترجمة كتاب لماذا التوحيد أولا ( الالمانية ),https://alnajmi.net/portal/wp-content/uploads/2019/01/ترجمة-كتاب-لماذا-التوحيد-أولا-الالمانية-.pdf,ترجمة-كتاب-لماذا-التوحيد-أولا-الالمانية-.pdf,pdf
book_lib,,ترجمة كتاب لماذا التوحيد أولاً ( بالإنجليزية ),https://alnajmi.net/portal/wp-content/uploads/2019/01/ترجمة-كتاب-لماذا-التوحيد-أولاً-بالإنجليزية-.pdf,ترجمة-كتاب-لماذا-التوحيد-أولاً-بالإنجليزية-.pdf,pdf
comments,,تعليق الشيخ أحمد بن يحيى النجمي ــ على كتاب ( الابانة عن شريعة الفرقة الناجية ),https://alnajmi.net/portal/wp-content/uploads/2019/01/تعليق-الشيخ-أحمد-بن-يحيى-النجمي-ــ-على-كتاب-الابانة-عن-شريعة-الفرقة-الناجية-.pdf,تعليق-الشيخ-أحمد-بن-يحيى-النجمي-ــ-على-كتاب-الابانة-عن-شريعة-الفرقة-الناجية-.pdf,pdf
comments,,تعليق الشيخ أحمد بن يحيى النجمي ــ على كتاب ( الاسلام عقيدة وعبادة واخلاقا ),https://alnajmi.net/portal/wp-content/uploads/2019/01/تعليق-الشيخ-أحمد-بن-يحيى-النجمي-ــ-على-كتاب-الاسلام-عقيدة-وعبادة-واخلاقا-.pdf,تعليق-الشيخ-أحمد-بن-يحيى-النجمي-ــ-على-كتاب-الاسلام-عقيدة-وعبادة-واخلاقا-.pdf,pdf
comments,,تعليق الشيخ أحمد بن يحيى النجمي ــ على كتاب ( التعليق المختصر على القصيدة النونية ),https://alnajmi.net/portal/wp-content/uploads/2019/01/تعليق-الشيخ-أحمد-بن-يحيى-النجمي-ــ-على-كتاب-التعليق-المختصر-على-القصيدة-النونية-.pdf,تعليق-الشيخ-أحمد-بن-يحيى-النجمي-ــ-على-كتاب-التعليق-المختصر-على-القصيدة-النونية-.pdf,pdf
comments,,تعليق الشيخ أحمد بن يحيى النجمي ــ على كتاب ( الحجة في بيان المحجة ),https://alnajmi.net/portal/wp-content/uploads/2019/01/تعليق-الشيخ-أحمد-بن-يحيى-النجمي-ــ-على-كتاب-الحجة-في-بيان-المحجة-.pdf,تعليق-الشيخ-أحمد-بن-يحيى-النجمي-ــ-على-كتاب-الحجة-في-بيان-المحجة-.pdf,pdf
comments,,تعليق الشيخ أحمد بن يحيى النجمي ــ على كتاب ( الخطر اليهودي ),https://alnajmi.net/portal/wp-content/uploads/2019/01/تعليق-الشيخ-أحمد-بن-يحيى-النجمي-ــ-على-كتاب-الخطر-اليهودي-.pdf,تعليق-الشيخ-أحمد-بن-يحيى-النجمي-ــ-على-كتاب-الخطر-اليهودي-.pdf,pdf
comments,,تعليق الشيخ أحمد بن يحيى النجمي ــ على كتاب ( الرد على الجهمية ),https://alnajmi.net/portal/wp-content/uploads/2019/01/تعليق-الشيخ-أحمد-بن-يحيى-النجمي-ــ-على-كتاب-الصارم-المسلول-.pdf,تعليق-الشيخ-أحمد-بن-يحيى-النجمي-ــ-على-كتاب-الصارم-المسلول-.pdf,pdf
comments,,تعليق الشيخ أحمد بن يحيى النجمي ــ على كتاب ( المدخل ),https://alnajmi.net/portal/wp-content/uploads/2019/01/تعليق-الشيخ-أحمد-بن-يحيى-النجمي-ــ-على-كتاب-المدخل-.pdf,تعليق-الشيخ-أحمد-بن-يحيى-النجمي-ــ-على-كتاب-المدخل-.pdf,pdf
comments,,تعليق الشيخ أحمد بن يحيى النجمي ــ على كتاب ( ترجمة صاحب كتاب التوحيد ),https://alnajmi.net/portal/wp-content/uploads/2019/01/تعليق-الشيخ-أحمد-بن-يحيى-النجمي-ــ-على-كتاب-ترجمة-صاحب-كتاب-التوحيد-.pdf,تعليق-الشيخ-أحمد-بن-يحيى-النجمي-ــ-على-كتاب-ترجمة-صاحب-كتاب-التوحيد-.pdf,pdf
comments,,تعليق الشيخ أحمد بن يحيى النجمي ــ على كتاب ( مجموع فتاوى ابن تيمية – الإيمان ),https://alnajmi.net/portal/wp-content/uploads/2019/01/تعليق-الشيخ-أحمد-بن-يحيى-النجمي-ــ-على-كتاب-مجموع-فتاوى-ابن-تيمية-الإيمان-.pdf,تعليق-الشيخ-أحمد-بن-يحيى-النجمي-ــ-على-كتاب-مجموع-فتاوى-ابن-تيمية-الإيمان-.pdf,pdf
comments,,تعليق الشيخ أحمد بن يحيى النجمي ــ على كتاب ( مجموع فتاوى ابن تيمية – الفقه – الجزء الثامن – الجهاد ),https://alnajmi.net/portal/wp-content/uploads/2019/01/تعليق-الشيخ-أحمد-بن-يحيى-النجمي-ــ-على-كتاب-مجموع-فتاوى-ابن-تيمية-الفقه-الجزء-الثامن-الجهاد-.pdf,تعليق-الشيخ-أحمد-بن-يحيى-النجمي-ــ-على-كتاب-مجموع-فتاوى-ابن-تيمية-الفقه-الجزء-الثامن-الجهاد-.pdf,pdf
comments,,تعليق الشيخ أحمد بن يحيى النجمي ــ على كتاب ( مجموع فتاوى ابن تيمية – الفقه- الجزء الرابع ),https://alnajmi.net/portal/wp-content/uploads/2019/01/تعليق-الشيخ-أحمد-بن-يحيى-النجمي-ــ-على-كتاب-مجموع-فتاوى-ابن-تيمية-الفقه-الجزء-الرابع-.pdf,تعليق-الشيخ-أحمد-بن-يحيى-النجمي-ــ-على-كتاب-مجموع-فتاوى-ابن-تيمية-الفقه-الجزء-الرابع-.pdf,pdf
comments,,تعليق الشيخ أحمد بن يحيى النجمي ــ على كتاب ( مجموع فتاوى ابن تيمية – مُفصّل الاعتقاد ),https://alnajmi.net/portal/wp-content/uploads/2019/01/تعليق-الشيخ-أحمد-بن-يحيى-النجمي-ــ-على-كتاب-مجموع-فتاوى-ابن-تيمية-مُفصّل-الاعتقاد-.pdf,تعليق-الشيخ-أحمد-بن-يحيى-النجمي-ــ-على-كتاب-مجموع-فتاوى-ابن-تيمية-مُفصّل-الاعتقاد-.pdf,pdf
comments,,تعليق الشيخ أحمد بن يحيى النجمي ــ على كتاب (أسنى المطالب ),https://alnajmi.net/portal/wp-content/uploads/2019/01/تعليق-الشيخ-أحمد-بن-يحيى-النجمي-ــ-على-كتاب-أسنى-المطالب-.pdf,تعليق-الشيخ-أحمد-بن-يحيى-النجمي-ــ-على-كتاب-أسنى-المطالب-.pdf,pdf
comments,,تعليق الشيخ أحمد بن يحيى النجمي ــ على كتاب (الاعتصام ),https://alnajmi.net/portal/wp-content/uploads/2019/01/تعليق-الشيخ-أحمد-بن-يحيى-النجمي-ــ-على-كتاب-الاعتصام-.pdf,تعليق-الشيخ-أحمد-بن-يحيى-النجمي-ــ-على-كتاب-الاعتصام-.pdf,pdf
comments,,تعليق الشيخ أحمد بن يحيى النجمي ــ على كتاب (الشيوعية والانسانية في شريعة الاسلام ),https://alnajmi.net/portal/wp-content/uploads/2019/01/تعليق-الشيخ-أحمد-بن-يحيى-النجمي-ــ-على-كتاب-الشيوعية-والانسانية-في-شريعة-الاسلام-.pdf,تعليق-الشيخ-أحمد-بن-يحيى-النجمي-ــ-على-كتاب-الشيوعية-والانسانية-في-شريعة-الاسلام-.pdf,pdf
comments,,تعليق الشيخ أحمد بن يحيى النجمي ــ على كتاب (بغية المرتاد ),https://alnajmi.net/portal/wp-content/uploads/2019/01/تعليق-الشيخ-أحمد-بن-يحيى-النجمي-ــ-على-كتاب-بغية-المرتاد-.pdf,تعليق-الشيخ-أحمد-بن-يحيى-النجمي-ــ-على-كتاب-بغية-المرتاد-.pdf,pdf
comments,,تعليق الشيخ أحمد بن يحيى النجمي ــ على كتاب (شفاء العليل),https://alnajmi.net/portal/wp-content/uploads/2019/01/تعليق-الشيخ-أحمد-بن-يحيى-النجمي-ــ-على-كتاب-شفاء-العليل.pdf,تعليق-الشيخ-أحمد-بن-يحيى-النجمي-ــ-على-كتاب-شفاء-العليل.pdf,pdf
comments,,تعليق الشيخ أحمد بن يحيى النجمي ــ على كتاب (قطف الثمر ),https://alnajmi.net/portal/wp-content/uploads/2019/01/تعليق-الشيخ-أحمد-بن-يحيى-النجمي-ــ-على-كتاب-قطف-الثمر-.pdf,تعليق-الشيخ-أحمد-بن-يحيى-النجمي-ــ-على-كتاب-قطف-الثمر-.pdf,pdf
comments,,تعليق فضيلة الشيخ العلامة ــ أحمد بن يحيى النجمي ــ على كتاب ( ابن تيمية حياته وعصره – آراؤه وفقهه ),https://alnajmi.net/portal/wp-content/uploads/2019/01/تعليق-فضيلة-الشيخ-العلامة-ــ-أحمد-بن-يحيى-النجمي-ــ-على-كتاب-ابن-تيمية-حياته-وعصره-آراؤه-وفقهه-.pdf,تعليق-فضيلة-الشيخ-العلامة-ــ-أحمد-بن-يحيى-النجمي-ــ-على-كتاب-ابن-تيمية-حياته-وعصره-آراؤه-وفقهه-.pdf,pdf
comments,,تعليق فضيلة الشيخ العلامة ــ أحمد بن يحيى النجمي ــ على كتاب ( أساس البلاغة ),https://alnajmi.net/portal/wp-content/uploads/2019/01/تعليق-فضيلة-الشيخ-العلامة-ــ-أحمد-بن-يحيى-النجمي-ــ-على-كتاب-أساس-البلاغة-.pdf,تعليق-فضيلة-الشيخ-العلامة-ــ-أحمد-بن-يحيى-النجمي-ــ-على-كتاب-أساس-البلاغة-.pdf,pdf
comments,,تعليق فضيلة الشيخ العلامة ــ أحمد بن يحيى النجمي ــ على كتاب ( إغاثة اللهفان من مصايد الشيطان ),https://alnajmi.net/portal/wp-content/uploads/2019/01/تعليق-فضيلة-الشيخ-العلامة-ــ-أحمد-بن-يحيى-النجمي-ــ-على-كتاب-إغاثة-اللهفان-من-مصايد-الشيطان-.pdf,تعليق-فضيلة-الشيخ-العلامة-ــ-أحمد-بن-يحيى-النجمي-ــ-على-كتاب-إغاثة-اللهفان-من-مصايد-الشيطان-.pdf,pdf
comments,,تعليق فضيلة الشيخ العلامة ــ أحمد بن يحيى النجمي ــ على كتاب ( الإستقامة لابن تيمية ),https://alnajmi.net/portal/wp-content/uploads/2019/01/تعليق-فضيلة-الشيخ-العلامة-ــ-أحمد-بن-يحيى-النجمي-ــ-على-كتاب-الإستقامة-لابن-تيمية-.pdf,تعليق-فضيلة-الشيخ-العلامة-ــ-أحمد-بن-يحيى-النجمي-ــ-على-كتاب-الإستقامة-لابن-تيمية-.pdf,pdf
comments,,تعليق فضيلة الشيخ العلامة ــ أحمد بن يحيى النجمي ــ على كتاب ( البهائية ),https://alnajmi.net/portal/wp-content/uploads/2019/01/تعليق-فضيلة-الشيخ-العلامة-ــ-أحمد-بن-يحيى-النجمي-ــ-على-كتاب-البهائية-.pdf,تعليق-فضيلة-الشيخ-العلامة-ــ-أحمد-بن-يحيى-النجمي-ــ-على-كتاب-البهائية-.pdf,pdf
comments,,تعليق فضيلة الشيخ العلامة ــ أحمد بن يحيى النجمي ــ على كتاب ( التاج الجامع للأصول – ج 1 ),https://alnajmi.net/portal/wp-content/uploads/2019/01/تعليق-فضيلة-الشيخ-العلامة-ــ-أحمد-بن-يحيى-النجمي-ــ-على-كتاب-التاج-الجامع-للأصول-ج-1-.pdf,تعليق-فضيلة-الشيخ-العلامة-ــ-أحمد-بن-يحيى-النجمي-ــ-على-كتاب-التاج-الجامع-للأصول-ج-1-.pdf,pdf
comments,,تعليق فضيلة الشيخ العلامة ــ أحمد بن يحيى النجمي ــ على كتاب ( التاج الجامع للأصول – ج 5 ),https://alnajmi.net/portal/wp-content/uploads/2019/01/تعليق-فضيلة-الشيخ-العلامة-ــ-أحمد-بن-يحيى-النجمي-ــ-على-كتاب-التاج-الجامع-للأصول-ج-5-.pdf,تعليق-فضيلة-الشيخ-العلامة-ــ-أحمد-بن-يحيى-النجمي-ــ-على-كتاب-التاج-الجامع-للأصول-ج-5-.pdf,pdf
comments,,تعليق فضيلة الشيخ العلامة ــ أحمد بن يحيى النجمي ــ على كتاب ( التعريفات ),https://alnajmi.net/portal/wp-content/uploads/2019/01/تعليق-فضيلة-الشيخ-العلامة-ــ-أحمد-بن-يحيى-النجمي-ــ-على-كتاب-التعريفات-.pdf,تعليق-فضيلة-الشيخ-العلامة-ــ-أحمد-بن-يحيى-النجمي-ــ-على-كتاب-التعريفات-.pdf,pdf
comments,,تعليق فضيلة الشيخ العلامة ــ أحمد بن يحيى النجمي ــ على كتاب ( الجامع الصحيح ),https://alnajmi.net/portal/wp-content/uploads/2019/01/تعليق-فضيلة-الشيخ-العلامة-ــ-أحمد-بن-يحيى-النجمي-ــ-على-كتاب-الجامع-الصحيح-.pdf,تعليق-فضيلة-الشيخ-العلامة-ــ-أحمد-بن-يحيى-النجمي-ــ-على-كتاب-الجامع-الصحيح-.pdf,pdf
comments,,تعليق فضيلة الشيخ العلامة ــ أحمد بن يحيى النجمي ــ على كتاب ( الدرر السنية في الأجوبة النجدية ),https://alnajmi.net/portal/wp-content/uploads/2019/01/تعليق-فضيلة-الشيخ-العلامة-ــ-أحمد-بن-يحيى-النجمي-ــ-على-كتاب-الدرر-السنية-في-الأجوبة-النجدية-.pdf,تعليق-فضيلة-الشيخ-العلامة-ــ-أحمد-بن-يحيى-النجمي-ــ-على-كتاب-الدرر-السنية-في-الأجوبة-النجدية-.pdf,pdf
comments,,تعليق فضيلة الشيخ العلامة ــ أحمد بن يحيى النجمي ــ على كتاب ( العذر بالجهل عقيدة السلف ),https://alnajmi.net/portal/wp-content/uploads/2019/01/تعليق-فضيلة-الشيخ-العلامة-ــ-أحمد-بن-يحيى-النجمي-ــ-على-كتاب-العذر-بالجهل-عقيدة-السلف-.pdf,تعليق-فضيلة-الشيخ-العلامة-ــ-أحمد-بن-يحيى-النجمي-ــ-على-كتاب-العذر-بالجهل-عقيدة-السلف-.pdf,pdf
comments,,تعليق فضيلة الشيخ العلامة ــ أحمد بن يحيى النجمي ــ على كتاب ( المروءة وخوارمها ),https://alnajmi.net/portal/wp-content/uploads/2019/01/تعليق-فضيلة-الشيخ-العلامة-ــ-أحمد-بن-يحيى-النجمي-ــ-على-كتاب-المروءة-وخوارمها-.pdf,تعليق-فضيلة-الشيخ-العلامة-ــ-أحمد-بن-يحيى-النجمي-ــ-على-كتاب-المروءة-وخوارمها-.pdf,pdf
comments,,تعليق فضيلة الشيخ العلامة ــ أحمد بن يحيى النجمي ــ على كتاب ( سبل السلام ),https://alnajmi.net/portal/wp-content/uploads/2019/01/تعليق-فضيلة-الشيخ-العلامة-ــ-أحمد-بن-يحيى-النجمي-ــ-على-كتاب-سبل-السلام-.pdf,تعليق-فضيلة-الشيخ-العلامة-ــ-أحمد-بن-يحيى-النجمي-ــ-على-كتاب-سبل-السلام-.pdf,pdf
comments,,تعليق فضيلة الشيخ العلامة ــ أحمد بن يحيى النجمي ــ على كتاب ( شذرات الذهب في أخبار من ذهب ),https://alnajmi.net/portal/wp-content/uploads/2019/01/تعليق-فضيلة-الشيخ-العلامة-ــ-أحمد-بن-يحيى-النجمي-ــ-على-كتاب-شذرات-الذهب-في-أخبار-من-ذهب-.pdf,تعليق-فضيلة-الشيخ-العلامة-ــ-أحمد-بن-يحيى-النجمي-ــ-على-كتاب-شذرات-الذهب-في-أخبار-من-ذهب-.pdf,pdf
comments,,تعليق فضيلة الشيخ العلامة ــ أحمد بن يحيى النجمي ــ على كتاب ( صحيح الجامع الصغير ),https://alnajmi.net/portal/wp-content/uploads/2019/01/تعليق-فضيلة-الشيخ-العلامة-ــ-أحمد-بن-يحيى-النجمي-ــ-على-كتاب-صحيح-الجامع-الصغير-.pdf,تعليق-فضيلة-الشيخ-العلامة-ــ-أحمد-بن-يحيى-النجمي-ــ-على-كتاب-صحيح-الجامع-الصغير-.pdf,pdf
comments,,تعليق فضيلة الشيخ العلامة ــ أحمد بن يحيى النجمي ــ على كتاب ( فتح الباري بشرح صحيح البخاري – 1 ),https://alnajmi.net/portal/wp-content/uploads/2019/01/تعليق-فضيلة-الشيخ-العلامة-ــ-أحمد-بن-يحيى-النجمي-ــ-على-كتاب-فتح-الباري-بشرح-صحيح-البخاري-1-.pdf,تعليق-فضيلة-الشيخ-العلامة-ــ-أحمد-بن-يحيى-النجمي-ــ-على-كتاب-فتح-الباري-بشرح-صحيح-البخاري-1-.pdf,pdf
comments,,تعليق فضيلة الشيخ العلامة ــ أحمد بن يحيى النجمي ــ على كتاب ( فتح الباري بشرح صحيح البخاري – 2 ),https://alnajmi.net/portal/wp-content/uploads/2019/01/تعليق-فضيلة-الشيخ-العلامة-ــ-أحمد-بن-يحيى-النجمي-ــ-على-كتاب-فتح-الباري-بشرح-صحيح-البخاري-2-.pdf,تعليق-فضيلة-الشيخ-العلامة-ــ-أحمد-بن-يحيى-النجمي-ــ-على-كتاب-فتح-الباري-بشرح-صحيح-البخاري-2-.pdf,pdf
comments,,تعليق فضيلة الشيخ العلامة ــ أحمد بن يحيى النجمي ــ على كتاب ( مجموع الرسائل المفيدة ),https://alnajmi.net/portal/wp-content/uploads/2019/01/تعليق-فضيلة-الشيخ-العلامة-ــ-أحمد-بن-يحيى-النجمي-ــ-على-كتاب-مجموع-الرسائل-المفيدة-.pdf,تعليق-فضيلة-الشيخ-العلامة-ــ-أحمد-بن-يحيى-النجمي-ــ-على-كتاب-مجموع-الرسائل-المفيدة-.pdf,pdf
comments,,تعليق فضيلة الشيخ العلامة ــ أحمد بن يحيى النجمي ــ على كتاب ( مشكل الحديث وبيانه ),https://alnajmi.net/portal/wp-content/uploads/2019/01/تعليق-فضيلة-الشيخ-العلامة-ــ-أحمد-بن-يحيى-النجمي-ــ-على-كتاب-مشكل-الحديث-وبيانه-.pdf,تعليق-فضيلة-الشيخ-العلامة-ــ-أحمد-بن-يحيى-النجمي-ــ-على-كتاب-مشكل-الحديث-وبيانه-.pdf,pdf
comments,,تعليق فضيلة الشيخ العلامة ــ أحمد بن يحيى النجمي ــ على كتاب ( مشكلات الأحاديث النبوية وبيانها ),https://alnajmi.net/portal/wp-content/uploads/2019/01/تعليق-فضيلة-الشيخ-العلامة-ــ-أحمد-بن-يحيى-النجمي-ــ-على-كتاب-مشكلات-الأحاديث-النبوية-وبيانها-.pdf,تعليق-فضيلة-الشيخ-العلامة-ــ-أحمد-بن-يحيى-النجمي-ــ-على-كتاب-مشكلات-الأحاديث-النبوية-وبيانها-.pdf,pdf
cv_ar,,سيرة فضيلة الشيخ العلامة بصوته,https://alnajmi.net/portal/wp-content/uploads/2018/12/cvs1.mp3,cvs1.mp3,audio
cv_ar,,سيرة الشيخ رحمه الله,https://alnajmi.net/portal/wp-content/uploads/2018/12/cvs2.mp3,cvs2.mp3,audio
cv_ar,,لمحات من حياة الشيخ رحمه الله,https://alnajmi.net/portal/wp-content/uploads/2018/12/cvs4.mp3,cvs4.mp3,audio
cv_ar,,قاضي متقاعد يتحدث عن الشيخ,https://alnajmi.net/portal/wp-content/uploads/2018/12/cvs5.mp3,cvs5.mp3,audio
cv_ar,,تزكية الشيخ زيد بن محمد المدخلي,https://alnajmi.net/portal/wp-content/uploads/2018/12/cvs6.mp3,cvs6.mp3,audio
cv_ar,,نبذة من السيرة العلمية,https://alnajmi.net/portal/wp-content/uploads/2018/12/cvs7.mp3,cvs7.mp3,audio
cv_ar,,المجموع الندي في سيرة العلامة النجمي,https://alnajmi.net/portal/wp-content/uploads/2019/01/المجموع-الندي-في-سيرة-العلامة-أحمد-النجمي.pdf,المجموع-الندي-في-سيرة-العلامة-أحمد-النجمي.pdf,pdf
cv_ar,,جهود الشيخ في خدمة السنة وعلومها,https://alnajmi.net/portal/wp-content/uploads/2019/01/جهود-العلامة-أحمد-النجمي-في-خدمة-السنة-وعلومها.pdf,جهود-العلامة-أحمد-النجمي-في-خدمة-السنة-وعلومها.pdf,pdf
cv_ar,,سيرة العلامة النجمي ( باللغة الفرنسية ),https://alnajmi.net/portal/wp-content/uploads/2019/01/سيرة-العلامة-أحمد-النجمي-رحمه-الله-بقلم-الشيخ-الفاضل-محمد-بن-هادي-المدخلي-مترجم-باللغة-الفرنسية-.pdf,سيرة-العلامة-أحمد-النجمي-رحمه-الله-بقلم-الشيخ-الفاضل-محمد-بن-هادي-المدخلي-مترجم-باللغة-الفرنسية-.pdf,pdf
m1,المحاضرات القرآنية,ألهاكم التكاثر,https://alnajmi.net/files/alhakum-altakathur.MP3,alhakum-altakathur.MP3,audio
m1,المحاضرات القرآنية,وَاتَّقوا فِتنَةً لا تُصيبَنَّ الَّذينَ ظَلَموا مِنكُم خاصَّةً,https://alnajmi.net/files/wataquo-fitnah.MP3,wataquo-fitnah.MP3,audio
m1,محاضرات حديثية,العمل بالسنة سببب للنجاة محاضرة عبر الهاتف لأهل الطائف,https://alnajmi.net/files/teeef1.MP3,teeef1.MP3,audio
m1,محاضرات عقدية,الاعتصام بالكتاب والسنة الوجه الاول,https://alnajmi.net/files/eets1.MP3,eets1.MP3,audio
m1,محاضرات عقدية,الاعتصام بالكتاب والسنة الوجه الثاني,https://alnajmi.net/files/eets2.MP3,eets2.MP3,audio
m1,محاضرات عقدية,منهج النبي صلى الله عليه وسلم في الدعوة إلى الله الوجه الاول,https://alnajmi.net/files/mn1.MP3,mn1.MP3,audio
m1,محاضرات عقدية,منهج النبي صلى الله عليه وسلم في الدعوة إلى الله الوجه الثاني,https://alnajmi.net/files/mn2.MP3,mn2.MP3,audio
m1,محاضرات عقدية,الإيمان بالله ( 1 ) الوجه الأول,https://alnajmi.net/files/aleman-bellah-1.MP3,aleman-bellah-1.MP3,audio
m1,محاضرات عقدية,الإيمان بالله ( 1 ) الوجه الثاني,https://alnajmi.net/files/aleman-bellah-2.MP3,aleman-bellah-2.MP3,audio
m1,محاضرات عقدية,ما هي الدعوة السلفية,https://alnajmi.net/files/alsalafiyyh.MP3,alsalafiyyh.MP3,audio
m1,محاضرات عقدية,سبيل النجاة – الوجه الأول,https://alnajmi.net/files/sabel-alnagah-1.MP3,sabel-alnagah-1.MP3,audio
m1,محاضرات عقدية,سبيل النجاة – الوجه الثاني,https://alnajmi.net/files/sabel-alnagah-2.MP3,sabel-alnagah-2.MP3,audio
m1,محاضرات عقدية,منهج أئمة الدعوة في مسائل التوسل والاستغاثة – 1,https://alnajmi.net/files/Soliciting-1.MP3,Soliciting-1.MP3,audio
m1,محاضرات عقدية,منهج أئمة الدعوة في مسائل التوسل والاستغاثة – 2,https://alnajmi.net/files/Soliciting-2.MP3,Soliciting-2.MP3,audio
m1,محاضرات عقدية,منهج أئمة الدعوة في مسائل التوسل والاستغاثة – 3,https://alnajmi.net/files/Soliciting-3.MP3,Soliciting-3.MP3,audio
m1,محاضرات عقدية,منهج أئمة الدعوة في مسائل التوسل والاستغاثة – 4,https://alnajmi.net/files/Soliciting-4.MP3,Soliciting-4.MP3,audio
m1,محاضرات عقدية,الطائفة الناجية المنصورة,https://alnajmi.net/files/altaifh-almansoura.MP3,altaifh-almansoura.MP3,audio
m1,محاضرات عقدية,الحرص على طلب العلم والصبر عليه,https://alnajmi.net/files/talab-alaelm.MP3,talab-alaelm.MP3,audio
m1,محاضرات عقدية,ثمرات الإيمان باليوم الآخر,https://alnajmi.net/files/mohadaratthamaratalaeman.mp3,mohadaratthamaratalaeman.mp3,audio
m1,محاضرات عقدية,كيف يعبد الانسان ربه على بصيرة,https://alnajmi.net/files/mohadrat-keftabodalensanrabah.mp3,mohadrat-keftabodalensanrabah.mp3,audio
m1,محاضرات فقهية,فضل الصيام الوجه الاول,https://alnajmi.net/files/rmes1.MP3,rmes1.MP3,audio
m1,محاضرات فقهية,فضل الصيام الوجه الثاني,https://alnajmi.net/files/altaifh-almansoura.MP3,altaifh-almansoura.MP3,audio
m1,محاضرات فقهية,من أحكام الصيام – 1,https://alnajmi.net/files/ahkam-asyaam-1.MP3,ahkam-asyaam-1.MP3,audio
m1,محاضرات فقهية,من أحكام الصيام – 2,https://alnajmi.net/files/ahkam-asyaam-2.MP3,ahkam-asyaam-2.MP3,audio
m1,محاضرات فقهية,استقبال شهر رمضان,https://alnajmi.net/files/istqbal-ramadan.MP3,istqbal-ramadan.MP3,audio
m1,محاضرات فقهية,فريضة الحج,https://alnajmi.net/files/al-Hajj.mp3,al-Hajj.mp3,audio
m1,محاضرات منوعة,الإمام أحمد بن حنبل الوجه الاول,https://alnajmi.net/files/emam1.MP3,emam1.MP3,audio
m1,محاضرات منوعة,الإمام أحمد بن حنبل الوجه الثاني,https://alnajmi.net/files/emam2.MP3,emam2.MP3,audio
m1,محاضرات منوعة,التوجيهات المهمة لشباب الأمة 1,https://alnajmi.net/files/toj1.MP3,toj1.MP3,audio
m1,محاضرات منوعة,التوجيهات المهمة لشباب الأمة 2,https://alnajmi.net/files/toj2.MP3,toj2.MP3,audio
m1,محاضرات منوعة,كلمة وعظية في مستشفى الملك فهد بجازان الوجه الاول,https://alnajmi.net/files/kfhj1.MP3,kfhj1.MP3,audio
m1,محاضرات منوعة,كلمة وعظية في مستشفى الملك فهد بجازان الوجه الثاني,https://alnajmi.net/files/kfhj2.MP3,kfhj2.MP3,audio
m1,محاضرات منوعة,محاضرة بالهاتف لأهل السودان,https://alnajmi.net/files/sudan1.MP3,sudan1.MP3,audio
m1,محاضرات منوعة,محاضرة بالهاتف لأهل أمريكا,https://alnajmi.net/files/usa1.MP3,usa1.MP3,audio
m2,لقاءات قرآنية,لقاء مع طلاب المعهد العلمي بصامطة – الوجه الأول,https://alnajmi.net/files/m3had1.MP3,m3had1.MP3,audio
m2,لقاءات قرآنية,لقاء مع طلاب المعهد العلمي بصامطة – الوجه الثاني,https://alnajmi.net/files/m3had2.MP3,m3had2.MP3,audio
m2,لقاءات حديثية,جلسة مع طلبة العلم بالخرج 1416 هـ 1,https://alnajmi.net/files/khraaj1.MP3,khraaj1.MP3,audio
m2,لقاءات حديثية,جلسة مع طلبة العلم بالخرج 1416 هـ 2,https://alnajmi.net/files/khraaj2.MP3,khraaj2.MP3,audio
m2,لقاءات حديثية,لقاء عبر الهاتف مع طلبة العلم في أمريكا,https://alnajmi.net/files/usalga1.MP3,usalga1.MP3,audio
m2,لقاءات عقدية,الأجوبة النافعة عن أسئلة طلاب الجامعة الوجه الاول,https://alnajmi.net/files/ag1.MP3,ag1.MP3,audio
m2,لقاءات عقدية,الأجوبة النافعة عن أسئلة طلاب الجامعة الوجه الثاني,https://alnajmi.net/files/ag2.MP3,ag2.MP3,audio
m2,لقاءات عقدية,اللقاء المفتوح عن الشيعة,https://alnajmi.net/files/sheaa1.MP3,sheaa1.MP3,audio
m2,لقاءات عقدية,أسئلة منهجية مع فضيلة الشيخ أحمد النجمي,https://alnajmi.net/files/aeslahmnhgeyah1.MP3,aeslahmnhgeyah1.MP3,audio
m2,لقاءات عقدية,لقاء مع الشيخ أحمد النجمي 18-1-1419هـ الوجه الاول,https://alnajmi.net/files/leqa1418-1.MP3,leqa1418-1.MP3,audio
m2,لقاءات عقدية,لقاء مع الشيخ أحمد النجمي 18-1-1419هـ الوجه الثاني,https://alnajmi.net/files/leqa1418-2.MP3,leqa1418-2.MP3,audio
m2,لقاءات عقدية,لقاء مع أهل العراق عبر الهاتف,https://alnajmi.net/files/lqa-iraq-1.MP3,lqa-iraq-1.MP3,audio
m2,لقاءات عقدية,لقاء مفتوح مع أهل خميس مشيط – الوجه الأول,https://alnajmi.net/files/Meeting-Khamis-A.MP3,Meeting-Khamis-A.MP3,audio
m2,لقاءات عقدية,لقاء مفتوح مع أهل خميس مشيط – الوجه الثاني,https://alnajmi.net/files/Meeting-Khamis-B.MP3,Meeting-Khamis-B.MP3,audio
m2,لقاءات عقدية,لقاء مفتوح مع أهل الإمارات,https://alnajmi.net/files/meeting-UAE.MP3,meeting-UAE.MP3,audio
m2,لقاءات عقدية,لقاء مفتوح مع أهل أبو عريش,https://alnajmi.net/files/meeting-ABU-Arish.MP3,meeting-ABU-Arish.MP3,audio
m2,لقاءات فقهية,لقاء مفتوح,https://alnajmi.net/files/lqaamftooh.MP3,lqaamftooh.MP3,audio
m2,لقاءات فقهية,الأجوبة السديدة لأهل الحديدة,https://alnajmi.net/files/aj-hodedah-1.MP3,aj-hodedah-1.MP3,audio
m2,لقاءات فقهية,الحج آداب وسلوك – حـ 1,https://alnajmi.net/files/hajj-1.MP3,hajj-1.MP3,audio
m2,لقاءات فقهية,الحج آداب وسلوك – حـ 2,https://alnajmi.net/files/hajj-2.MP3,hajj-2.MP3,audio
m2,لقاءات فقهية,الحج آداب وسلوك – حـ 3,https://alnajmi.net/files/hajj-3.MP3,hajj-3.MP3,audio
m2,لقاءات فقهية,الحج آداب وسلوك – حـ 4,https://alnajmi.net/files/hajj-4.MP3,hajj-4.MP3,audio
m2,لقاءات فقهية,الحج آداب وسلوك – حـ 5,https://alnajmi.net/files/hajj-5.MP3,hajj-5.MP3,audio
m2,لقاءات فقهية,الحج آداب وسلوك – حـ 6,https://alnajmi.net/files/hajj-6.MP3,hajj-6.MP3,audio
m2,لقاءات فقهية,الحج آداب وسلوك – حـ 7,https://alnajmi.net/files/hajj-7.MP3,hajj-7.MP3,audio
m2,لقاءات فقهية,الحج آداب وسلوك – حـ 8,https://alnajmi.net/files/hajj-8.MP3,hajj-8.MP3,audio
m2,لقاءات فقهية,الحج آداب وسلوك – حـ 9,https://alnajmi.net/files/hajj-9.MP3,hajj-9.MP3,audio
m2,لقاءات فقهية,الحج آداب وسلوك – حـ 10,https://alnajmi.net/files/hajj-10.MP3,hajj-10.MP3,audio
m2,لقاءات فقهية,الحج آداب وسلوك – حـ 11,https://alnajmi.net/files/hajj-11.MP3,hajj-11.MP3,audio
m2,لقاءات فقهية,الحج آداب وسلوك – حـ 12,https://alnajmi.net/files/hajj-12.MP3,hajj-12.MP3,audio
m2,لقاءات فقهية,الحج آداب وسلوك – حـ 13,https://alnajmi.net/files/hajj-13.MP3,hajj-13.MP3,audio
m2,لقاءات منوعة,اللقاء المفتوح باالمدينة المنورة الوجه الاول,https://alnajmi.net/files/lqaaa1.MP3,lqaaa1.MP3,audio
m2,لقاءات منوعة,اللقاء المفتوح باالمدينة المنورة الوجه الثاني,https://alnajmi.net/files/leqaaalmadina2.MP3,leqaaalmadina2.MP3,audio
m2,لقاءات منوعة,تراجم العلماء عبر إذاعة القرآن الكريم,https://alnajmi.net/files/trajeeem1.MP3,trajeeem1.MP3,audio
m2,لقاءات منوعة,لقاء مفتوح بجامع الدحمان بأحد المسارحة الوجة الاول,https://alnajmi.net/files/dahman1.MP3,dahman1.MP3,audio
m2,لقاءات منوعة,لقاء مفتوح بجامع الدحمان بأحد المسارحة الوجة الثاني,https://alnajmi.net/files/leqaaaldahman2.MP3,leqaaaldahman2.MP3,audio
m2,لقاءات منوعة,لقاء مع أهل الكويت,https://alnajmi.net/files/kueet.MP3,kueet.MP3,audio
m2,لقاءات منوعة,نصائح وتوجيهات لحرس الحدود,https://alnajmi.net/files/haras.MP3,haras.MP3,audio
m3,خطب قرآنية,قوله تعالى : ولا تحسبنَّ الله غافلاً عما يعمل الظالمون,https://alnajmi.net/files/aljomoaa-9.MP3,aljomoaa-9.MP3,audio
m3,خطب قرآنية,قوله تعالى : يا ايها الذين امنوا اتقو الله وكونوا مع الصادقين,https://alnajmi.net/files/sermon-1.MP3,sermon-1.MP3,audio
m3,خطب قرآنية,قوله تعالى : واتل عليهم نبأ ابني آدم بالحق,https://alnajmi.net/files/sermon-2.MP3,sermon-2.MP3,audio
m3,خطب قرآنية,قوله تعالى : ولله الأسماء الحسنى فادعوه بها,https://alnajmi.net/files/Friday-sermon2.MP3,Friday-sermon2.MP3,audio
m3,خطب حديثية,ذاق طعم الإيمان,https://alnajmi.net/files/Friday-sermon1.MP3,Friday-sermon1.MP3,audio
m3,خطب عقدية,الشفاعة – ومن نواقض الإسلام : الرد على القائلين بوحدة الأديان,https://alnajmi.net/files/k-j-ashfaah-w-2.MP3,k-j-ashfaah-w-2.MP3,audio
m3,خطب عقدية,من نواقض الإسلام : مظاهرة المشركين على المسلمين,https://alnajmi.net/files/k-j-nwaketh-1.MP3,k-j-nwaketh-1.MP3,audio
m3,خطب عقدية,من نواقض الإسلام : من اعتقد أن هدي غير النبي أكمل من هديه,https://alnajmi.net/files/kj-nwaketh-mnetkad.MP3,kj-nwaketh-mnetkad.MP3,audio
m3,خطب عقدية,من نواقض الإسلام : السحر تعلمه وتعليمه,https://alnajmi.net/files/kj-nwaketh-aseher.MP3,kj-nwaketh-aseher.MP3,audio
m3,خطب عقدية,من نواقض الإسلام : من الكفر الإعراض الكلي عن دين الله والإستهزاء بالدين,https://alnajmi.net/files/kj-nwaketh-menalkofr.MP3,kj-nwaketh-menalkofr.MP3,audio
m3,خطب فقهية,المعاملة – الصلاة واستغلال الإجازة,https://alnajmi.net/files/k-j-almoamlah-asllah-1.MP3,k-j-almoamlah-asllah-1.MP3,audio
m3,خطب فقهية,أحكام الوقف,https://alnajmi.net/files/k-j-ahkamalwaqf-2.MP3,k-j-ahkamalwaqf-2.MP3,audio
m3,خطب أخلاقية,الحث على صلة الأرحام والحذر من قطيعتها – من منكرات الأفراح,https://alnajmi.net/files/kj-alhathselaatalrahm.MP3,kj-alhathselaatalrahm.MP3,audio
m3,خطب أخلاقية,الصبر على المصائب – بدع الجنائز,https://alnajmi.net/files/kutbat-jomaa-alsabr-ala-almsaeb.MP3,kutbat-jomaa-alsabr-ala-almsaeb.MP3,audio
m4,فوائد قرآنية,قراءة مرتلة بصوت الشيخ أحمد النجمي رحمه الله,https://alnajmi.net/files/fawaeedmont-2.MP3,fawaeedmont-2.MP3,audio
m4,فوائد عقدية,فوائد منتقاة (1),https://alnajmi.net/files/fawaeedmont-1.MP3,fawaeedmont-1.MP3,audio
m4,فوائد عقدية,الإسلامُ يَعلو ولا يُعلى – فوائد منتقاة ( 2 ),https://alnajmi.net/files/fawaed-twheed2.MP3,fawaed-twheed2.MP3,audio
m4,فوائد عقدية,الدعوة إلى الله وسنة رسوله ﷺ وإلى طريق السلف الصالح,https://alnajmi.net/files/aldaaewa.mp3,aldaaewa.mp3,audio
m4,فوائد عقدية,نصيحة ثمينة في طلب ال علم والحذر من الحربيات,https://alnajmi.net/portal/wp-content/uploads/2022/11/nassehah-fe-talab-alelm.mp3,nassehah-fe-talab-alelm.mp3,audio
m4,فوائد فقهية,فوائد منتقاة (2),https://alnajmi.net/files/fawaeedmuntagah2.MP3,fawaeedmuntagah2.MP3,audio
m4,فوائد فقهية,فوائد منتقاة (3),https://alnajmi.net/files/fawaeedmuntagah3.MP3,fawaeedmuntagah3.MP3,audio
m4,فوائد فقهية,فوائد منتقاة (4) الصلاة قبل غروب الشمس,https://alnajmi.net/files/fawed4.MP3,fawed4.MP3,audio
m4,فوائد فقهية,الهدي والتمتع في الحج,https://alnajmi.net/files/fawaeed-hady-adahy.MP3,fawaeed-hady-adahy.MP3,audio
m4,فوائد فقهية,عدم جواز قتل الصيد داخل حدود الحرم,https://alnajmi.net/files/fawaed-hajj-1.MP3,fawaed-hajj-1.MP3,audio
m4,فوائد شعرية,تضرعٌ إلى الرب الجليل أن يكتب السلامة يوم الرحيل ( قصائد شعرية ) الوجه الأول,https://alnajmi.net/files/tadarrua1.MP3,tadarrua1.MP3,audio
m4,فوائد شعرية,تضرعٌ إلى الرب الجليل أن يكتب السلامة يوم الرحيل ( قصائد شعرية ) الوجه الثاني,https://alnajmi.net/files/tadarrua2.MP3,tadarrua2.MP3,audio
m4,فوائد شعرية,صيحة حق في صماخ الباطل,https://alnajmi.net/files/saihat-haq1.MP3,saihat-haq1.MP3,audio
m4,فوائد شعرية,صيحة حق في صماخ الباطل,https://alnajmi.net/files/saihat-haq2.MP3,saihat-haq2.MP3,audio
messages,,مراسلات من الشيخ أحمد 1,https://alnajmi.net/portal/wp-content/uploads/2019/01/مراسلات-من-الشيخ-أحمد-1.pdf,مراسلات-من-الشيخ-أحمد-1.pdf,pdf
messages,,مراسلات من الشيخ أحمد 2,https://alnajmi.net/portal/wp-content/uploads/2019/01/مراسلات-من-الشيخ-أحمد-2.pdf,مراسلات-من-الشيخ-أحمد-2.pdf,pdf
messages,,مراسلات من الشيخ أحمد 3,https://alnajmi.net/portal/wp-content/uploads/2019/01/مراسلات-من-الشيخ-أحمد-3.pdf,مراسلات-من-الشيخ-أحمد-3.pdf,pdf
messages,,مراسلات من الشيخ أحمد 4,https://alnajmi.net/portal/wp-content/uploads/2019/01/مراسلات-من-الشيخ-أحمد-4.pdf,مراسلات-من-الشيخ-أحمد-4.pdf,pdf
messages,,مراسلات الشيخ أحمد النجمي مع العلماء – رسالة قديمة من الشيخ عبدالله القرعاوي,https://alnajmi.net/portal/wp-content/uploads/2019/01/مراسلات-الشيخ-أحمد-النجمي-مع-العلماء-رسالة-قديمة-من-الشيخ-عبدالله-القرعاوي.pdf,مراسلات-الشيخ-أحمد-النجمي-مع-العلماء-رسالة-قديمة-من-الشيخ-عبدالله-القرعاوي.pdf,pdf
messages,,مراسلات إلى الشيخ أحمد 1,https://alnajmi.net/portal/wp-content/uploads/2019/01/مراسلات-إلى-الشيخ-أحمد-1.pdf,مراسلات-إلى-الشيخ-أحمد-1.pdf,pdf
messages,,مراسلات إلى الشيخ أحمد 2,https://alnajmi.net/portal/wp-content/uploads/2019/01/مراسلات-إلى-الشيخ-أحمد-2.pdf,مراسلات-إلى-الشيخ-أحمد-2.pdf,pdf
messages,,مراسلات إلى الشيخ أحمد 3,https://alnajmi.net/portal/wp-content/uploads/2019/01/مراسلات-إلى-الشيخ-أحمد-3.pdf,مراسلات-إلى-الشيخ-أحمد-3.pdf,pdf
messages,,مراسلات إلى الشيخ أحمد 4,https://alnajmi.net/portal/wp-content/uploads/2019/01/مراسلات-إلى-الشيخ-أحمد-4.pdf,مراسلات-إلى-الشيخ-أحمد-4.pdf,pdf
messages,,مراسلات إلى الشيخ أحمد 5,https://alnajmi.net/portal/wp-content/uploads/2019/01/مراسلات-إلى-الشيخ-أحمد-5.pdf,مراسلات-إلى-الشيخ-أحمد-5.pdf,pdf
messages,,مراسلات فضيلة الشيخ أحمد النجمي مع العلماء,https://alnajmi.net/portal/wp-content/uploads/2019/01/مراسلات-من-الشيخ-أحمد-4.pdf,مراسلات-من-الشيخ-أحمد-4.pdf,pdf
messages,,مراسلات فضيلة الشيخ أحمد النجمي مع المسؤولين,https://alnajmi.net/portal/wp-content/uploads/2019/01/مراسلات-فضيلة-الشيخ-أحمد-النجمي-مع-المسؤولين.pdf,مراسلات-فضيلة-الشيخ-أحمد-النجمي-مع-المسؤولين.pdf,pdf
messages,,مراسلات فضيلة الشيخ أحمد النجمي مع فضيلة الشيخ ابن باز,https://alnajmi.net/portal/wp-content/uploads/2019/01/مراسلات-فضيلة-الشيخ-أحمد-النجمي-مع-فضيلة-الشيخ-ابن-باز.pdf,مراسلات-فضيلة-الشيخ-أحمد-النجمي-مع-فضيلة-الشيخ-ابن-باز.pdf,pdf
messages,,مراسلات فضيلة الشيخ أحمد النجمي مع ولاة الأمر,https://alnajmi.net/portal/wp-content/uploads/2019/01/مراسلات-فضيلة-الشيخ-أحمد-النجمي-مع-ولاة-الأمر.pdf,مراسلات-فضيلة-الشيخ-أحمد-النجمي-مع-ولاة-الأمر.pdf,pdf
